{
    "speed": {
        "score": {
            "aha-mont64": 75.21895968646994,
            "crc32": 76.75407954632023,
            "cubic": 9.884118951486828,
            "edn": 89.11792368127696,
            "huffbench": 126.21358033616927,
            "matmult-int": 89.87082506604435,
            "md5sum": 159.4384197987299,
            "minver": 23.525717763882295,
            "nbody": 14.24121628101693,
            "nettle-aes": 76.80166285329051,
            "nettle-sha256": 81.92398593703146,
            "nsichneu": 57.54206640017926,
            "picojpeg": 86.34387057075227,
            "primecount": 111.91657573809769,
            "qrduino": 122.60307104405466,
            "sglib-combined": 120.59360772089896,
            "slre": 124.6635870719197,
            "st": 18.41401696635028,
            "statemate": 297.82330688827125,
            "tarfind": 227.79454998856224,
            "ud": 77.08423809488012,
            "wikisort": 64.67247082117282
        }
    },
    "size": {
        "absolute": {
            "aha-mont64": 2447,
            "crc32": 1987,
            "cubic": 54128,
            "edn": 3915,
            "huffbench": 3560,
            "matmult-int": 2987,
            "md5sum": 2388,
            "minver": 9772,
            "nbody": 11880,
            "nettle-aes": 13731,
            "nettle-sha256": 6947,
            "nsichneu": 18323,
            "picojpeg": 13859,
            "primecount": 963,
            "qrduino": 11012,
            "sglib-combined": 4344,
            "slre": 3831,
            "st": 12204,
            "statemate": 4699,
            "tarfind": 1396,
            "ud": 4592,
            "wikisort": 19084
        },
        "score": {
            "aha-mont64": 0.43808745402533716,
            "crc32": 0.14292903875188726,
            "cubic": 0.02926396689328998,
            "edn": 0.33818646232439337,
            "huffbench": 0.348876404494382,
            "matmult-int": 0.16471375962504184,
            "md5sum": 0.31155778894472363,
            "minver": 0.11952517396643471,
            "nbody": 0.07996632996632996,
            "nettle-aes": 0.15643434564124972,
            "nettle-sha256": 0.4888441053692241,
            "nsichneu": 0.6531681493205261,
            "picojpeg": 0.5024893570964716,
            "primecount": 0.3032191069574247,
            "qrduino": 0.5279694878314566,
            "sglib-combined": 0.5230202578268877,
            "slre": 0.5742625946228139,
            "st": 0.0819403474270731,
            "statemate": 0.954245584166844,
            "tarfind": 0.3424068767908309,
            "ud": 0.156794425087108,
            "wikisort": 0.2251100398239363
        }
    }
}